waypoint,joint0_desired,joint0_actual,joint1_desired,joint1_actual,joint2_desired,joint2_actual,joint3_desired,joint3_actual,joint4_desired,joint4_actual,joint5_desired,joint5_actual,joint_error,ee_error,clearance
0,1.7394,1.740701647457272,-0.7726,-0.7725186776268945,1.7579,1.761098425120396,-2.3183,-2.3179101815804857,-1.57925,-1.5791760371389028,0.0,-1.0278136922255615e-06,0.0014194043729434391,0.002014,0.05
1,1.7174333333333334,1.7190847915396836,-0.7749666666666667,-0.7749039981535021,1.7546333333333333,1.762828932730263,-2.332133333333333,-2.331769220653366,-1.5816666666666668,-1.5816029065515451,0.0,-2.6311245580552734e-08,0.003416521974696538,0.004572,0.05
2,1.6738666666666664,1.6772047203967753,-0.7789666666666667,-0.7789250649410921,1.7465,1.768256255184454,-2.358633333333333,-2.3583582448194904,-1.5861,-1.586053949763088,0.0,-2.694271215443273e-10,0.00898662679925491,0.011778,0.05
3,1.6313666666666666,1.675449797848612,-0.7806333333333333,-0.7805810460592524,1.7341,1.7687640316200066,-2.3814333333333333,-2.380944636391218,-1.5893333333333333,-1.5893060888369757,0.0,9.693228232414154e-06,0.02289526857176298,0.03455,0.05
4,1.5901666666666667,1.6754504139014066,-0.7800333333333334,-0.7800449445705812,1.7169333333333334,1.7685950771569787,-2.4007666666666663,-2.4008155258389783,-1.5915,-1.5914973991922814,0.0,-2.7475933124163604e-06,0.04070678865097723,0.062332,0.05
5,1.5503999999999998,1.6755079055937223,-0.7771333333333333,-0.7772395062098155,1.6950666666666665,1.768127277581454,-2.4166666666666665,-2.418543487796274,-1.5927333333333333,-1.592707831597154,0.0,-5.674098828612816e-05,0.059151470127405834,0.091053,0.05
6,1.5121000000000002,1.675542876665349,-0.7719333333333335,-0.7720437888503631,1.6685333333333332,1.7675029263488686,-2.4292000000000002,-2.4311994546829725,-1.5931666666666666,-1.5931420199743163,0.0,-5.866798224507304e-05,0.07800915367565019,0.120637,0.05
7,1.4753333333333334,1.6755830706329822,-0.7644000000000001,-0.7645147144414237,1.6374000000000002,1.766610104764995,-2.4384333333333332,-2.44053561590713,-1.592933333333333,-1.5929080727176452,0.0,-6.06432015676669e-05,0.09729649319569457,0.15091,0.05
8,1.4401333333333335,1.675613263541765,-0.7545333333333333,-0.7546423754081534,1.6016666666666666,1.7653871876906286,-2.4444666666666666,-2.446204599123692,-1.5921333333333332,-1.5921092563334043,0.0,-5.1920485886181805e-05,0.11708845809199375,0.181919,0.05
9,1.4065,1.6753326980959953,-0.7417333333333334,-0.7417861056291886,1.5599999999999998,1.7638454278130047,-2.445866666666667,-2.4461540663797554,-1.5903333333333334,-1.5903203531709638,0.0,-1.6437187783011236e-05,0.1377340818558328,0.21403,0.05
10,1.3743666666666663,1.6752529673231187,-0.7265,-0.7265615976951871,1.5130666666666668,1.7615657479280726,-2.4422333333333337,-2.4425085869532754,-1.5877666666666668,-1.587756856072354,0.0,-1.2762108519037202e-05,0.15931333859642677,0.247133,0.05
11,1.3437333333333334,1.675690118731767,-0.7086666666666667,-0.7087257221808339,1.4606666666666666,1.7582736792606923,-2.4334000000000002,-2.4345957618642298,-1.5846333333333333,-1.5846218763297595,0.0,-2.4252071785535975e-05,0.1820103821995776,0.281471,0.05
12,1.3145666666666667,1.6757430908066941,-0.6886333333333333,-0.6950812296785077,1.4039333333333335,1.7556286957304656,-2.420833333333334,-2.421445699507673,-1.5816333333333332,-1.579848035154889,0.0,-0.0024170651314685066,0.20582719983004855,0.315088,0.05
13,1.2868666666666668,1.675752245022736,-0.6657000000000001,-0.696524071902965,1.3417999999999999,1.7559288104926476,-2.4050333333333334,-2.405762737143534,-1.5787000000000002,-1.5767309543869124,0.0,-0.002672212081739031,0.232270079157154,0.345328,0.05
14,1.2605666666666666,1.6756623906864627,-0.6396333333333334,-0.7001632696835496,1.2739,1.7567524458118216,-2.386366666666667,-2.386950890869116,-1.5758,-1.573764830727435,0.0,-0.002758263426147963,0.26112797276736194,0.375312,0.05
15,1.2356,1.6755360625500468,-0.6101000000000001,-0.703705049071416,1.1997,1.7575692192266763,-2.365133333333333,-2.365513645357021,-1.5728333333333333,-1.571032865854638,0.0,-0.0024398867666125396,0.29255570679561566,0.405516,0.05
16,1.2193666666666667,1.6755696894925471,-0.5849333333333333,-0.7066757751770104,1.1455666666666666,1.7579730449186464,-2.342,-2.3426878853276043,-1.5705,-1.5678236378076136,0.0,-0.003632797412024971,0.31570155358689755,0.425068,0.015
17,1.2114,1.6754342190816907,-0.5652,-0.7099724908014861,1.1137333333333335,1.7586585642160997,-2.318966666666667,-2.319629074547385,-1.5688666666666666,-1.5660464994052492,0.0,-0.0038319615007868834,0.32970655135977517,0.433759,0.015
18,1.2113333333333334,1.6753195758876107,-0.5521,-0.7128837377509348,1.1065666666666667,1.7591578042289764,-2.2979000000000003,-2.2977945256980856,-1.5680666666666667,-1.5655313146127217,0.0,-0.003446419515770962,0.33342369276243006,0.431785,0.015
19,1.2112666666666667,1.6748985794911293,-0.5387,-0.7151662470858527,1.0996333333333335,1.7600080020507578,-2.280066666666667,-2.286175007475042,-1.5674666666666666,-1.5725835265752044,0.0,0.006961234722096334,0.3372194001203307,0.428917,0.015
20,1.2112333333333334,1.675087674596027,-0.5249999999999999,-0.7175894720579079,1.0928333333333333,1.7593808092907433,-2.265166666666667,-2.2701479596906644,-1.5670333333333335,-1.5703392899357929,0.0,0.004453683595240665,0.3407327081178148,0.427131,0.015
21,1.2112,1.6751111965550518,-0.511,-0.7188376996939353,1.0861333333333334,1.7593977234027198,-2.2528666666666664,-2.2598587831759107,-1.5667333333333335,-1.5725869546285969,0.0,0.007833871770132261,0.34444147320001195,0.425219,0.015
22,1.2112,1.6750279148504184,-0.49676666666666663,-0.7199545762205052,1.0795333333333332,1.7595757751421528,-2.2429,-2.2498491458230223,-1.5665333333333333,-1.5725396411150732,0.0,0.008042222395061874,0.34822309513889976,0.423659,0.015
23,1.2112,1.6749849707195976,-0.4822666666666667,-0.7208165750815037,1.0729666666666666,1.7597069763556874,-2.2350333333333334,-2.2416459977815872,-1.5664333333333333,-1.5702344948844056,0.0,0.005109155261630702,0.352065119556408,0.422422,0.015
24,1.2112,1.6748253405342441,-0.46756666666666663,-0.7214511081731629,1.066366666666667,1.759778762826543,-2.2290666666666663,-2.2364242031856083,-1.5664,-1.5732962446662857,0.0,0.009217098529144289,0.35599923866136135,0.420813,0.015
25,1.2112,1.6748706241921874,-0.45260000000000006,-0.7219192293132864,1.0597,1.7598784914854462,-2.2248,-2.2315275054203174,-1.5664333333333333,-1.5715327984124798,0.0,0.006842752460989579,0.36006742472533904,0.419895,0.015
26,1.2112,1.6748449534731233,-0.43743333333333334,-0.7222136445313327,1.0529333333333335,1.7599200081537458,-2.2220333333333335,-2.2287079408373036,-1.5665000000000002,-1.5712200283336648,0.0,0.006336669044436997,0.36423518256938714,0.418946,0.015
27,1.2112,1.6747679460117537,-0.42203333333333326,-0.7223589004385447,1.0460333333333331,1.7599213163462941,-2.2206000000000006,-2.227633171707703,-1.5666,-1.5721256812990398,0.0,0.007394757014825984,0.368524404485043,0.418005,0.015
28,1.2112,1.6748389113170534,-0.40643333333333337,-0.722387493338664,1.0389333333333333,1.7599394437864297,-2.220366666666667,-2.226847351513794,-1.5667,-1.569637952856775,0.0,0.0039566592703730785,0.3729843983820006,0.417622,0.015
29,1.2112,1.6747818196837687,-0.39596666666666663,-0.7223610811695447,1.0341333333333333,1.7599254976577128,-2.2205999999999997,-2.227136606831808,-1.5667666666666664,-1.5682696859522096,0.0,0.001852826025020314,0.3760017957436691,0.417343,0.015
30,1.2113,1.6748391300779297,-0.395,-0.7223852306224717,1.0326666666666666,1.759946455115195,-2.2203999999999997,-2.2269439735306777,-1.5670666666666666,-1.5711213007256581,0.0,0.0054489664512114774,0.3766241406475821,0.417371,0.015
31,1.2114,1.6747960299713198,-0.40503333333333336,-0.7226114164748372,1.0363333333333333,1.759977369146764,-2.2182666666666666,-2.2250646000699787,-1.5677666666666668,-1.573203500372928,0.0,0.007285574841390034,0.3740279090998061,0.417699,0.015
32,1.2115333333333334,1.6747550732545435,-0.4204333333333334,-0.7230110327736431,1.0421333333333334,1.760047588481615,-2.2144666666666666,-2.2212575689076717,-1.5688000000000002,-1.574237100618306,0.0,0.00728341123302907,0.370057934377602,0.418449,0.015
33,1.2116,1.6746556477274612,-0.43579999999999997,-0.7234219354952651,1.0477333333333334,1.760093755157863,-2.210366666666667,-2.2171813543973684,-1.5697333333333334,-1.5736208839390546,0.0,0.005204076700859559,0.3662178123934012,0.419472,0.015
34,1.2116666666666667,1.674609301531448,-0.4509,-0.7238972217093639,1.0526666666666666,1.760174212773719,-2.205766666666667,-2.212828193099275,-1.5704666666666665,-1.5766358711562516,0.0,0.008248868498809967,0.36275939273530056,0.42049,0.015
35,1.2117333333333333,1.6745908331993653,-0.4649666666666667,-0.7243113485593425,1.0561333333333334,1.7602552938155378,-2.2018,-2.2086608738101368,-1.5709999999999997,-1.5773074448238922,0.0,0.008437809140595495,0.35996354364349364,0.422077,0.015
36,1.2118,1.6749308548623172,-0.4794333333333333,-0.7247212861262422,1.0598333333333334,1.7602558874914411,-2.1973333333333334,-2.204318411423308,-1.5715000000000001,-1.5763582894562769,0.0,0.006493008960948398,0.3571560528074377,0.424054,0.015
37,1.2118666666666666,1.674926090116641,-0.4930999999999999,-0.7251214825777555,1.0625,1.760434188421586,-2.193566666666667,-2.200694574103503,-1.5719,-1.5773902621587435,0.0,0.007346395663042598,0.354848570746109,0.426008,0.015
38,1.2119333333333333,1.6749148471049267,-0.5071,-0.725556890227062,1.0653666666666668,1.7605820159774794,-2.1893000000000002,-2.1964410801287535,-1.5722666666666667,-1.5770390615213215,0.0,0.006390901251911569,0.35249451326607806,0.428162,0.015
39,1.2119666666666664,1.6748848720753415,-0.521,-0.7260262113504933,1.0679333333333334,1.7607433080114483,-2.1847,-2.1924678577826127,-1.5725999999999998,-1.5788253028863481,0.0,0.008318005017655469,0.3503529069550318,0.430303,0.015
40,1.212,1.6748149224245568,-0.5347333333333334,-0.7265862564010342,1.07,1.7610673925791271,-2.1798333333333333,-2.1874373082362912,-1.5728666666666669,-1.5747774374467691,0.0,0.002550638804998663,0.3484841734407737,0.433128,0.015
41,1.212,1.6748469245365747,-0.5482,-0.7270684670756193,1.0715333333333332,1.7611325258289494,-2.1746999999999996,-2.1824080366220397,-1.5730666666666666,-1.574722261539046,0.0,0.0021869086518382526,0.3468513581132301,0.435876,0.015
42,1.212,1.674878591833465,-0.5614,-0.7275641900915387,1.0725,1.7612186208948297,-2.1693,-2.1770570951200283,-1.5732,-1.5774190905404901,0.0,0.005650969633225679,0.34552143549551073,0.43865,0.015
43,1.2042,1.6749668335049368,-0.5875666666666667,-0.7290286102592342,1.1012333333333333,1.7615500725263347,-2.1536666666666666,-2.1615157116048938,-1.5752666666666666,-1.578051917584447,0.0,0.0037224918178049,0.3360888551028782,0.439516,0.05
44,1.1881,1.6751716989483076,-0.6252,-0.730861351159701,1.1562666666666666,1.7617247012733368,-2.131933333333333,-2.1399053480297394,-1.5788666666666664,-1.5845451318878088,0.0,0.007565867502534347,0.3201915137985676,0.438032,0.05
45,1.1631666666666667,1.675446849804766,-0.6735333333333333,-0.732746223287301,1.2368,1.7618497004946139,-2.1075,-2.1144324093024283,-1.5837,-1.5856899771658077,0.0,0.002637869158757037,0.30046445076019246,0.435177,0.05
46,1.1366333333333334,1.6754850321231665,-0.7186,-0.7338261231193465,1.3138666666666667,1.7620429720118818,-2.0932333333333335,-2.1006562207497574,-1.5875666666666668,-1.5934526941609102,0.0,0.0078073087653284245,0.2862416483306366,0.432896,0.05
47,1.1084333333333334,1.6750454467799858,-0.7614000000000001,-0.7613423021470979,1.3883,1.7666173017748243,-2.0874333333333333,-2.0873062750258486,-1.5907666666666664,-1.5907737566508335,0.0,1.0428326394115658e-05,0.278140638154675,0.428051,0.05
48,1.0784666666666667,1.6740651832812359,-0.8022,-0.8021201015863525,1.4603000000000002,1.771100827018288,-2.0888000000000004,-2.0885401244896014,-1.5934666666666668,-1.5934751644169045,0.0,1.4306918768688687e-05,0.27426715116976247,0.422327,0.05
49,1.0466666666666666,1.6739911826322977,-0.8412333333333333,-0.841165429496513,1.5299666666666667,1.7718861479559276,-2.0961000000000003,-2.095944632403369,-1.5957999999999999,-1.5958099717695207,0.0,1.4167946622766449e-05,0.27448773889100114,0.420498,0.05
50,1.0128666666666668,1.6745277858429306,-0.8785666666666666,-0.8784720572775302,1.5972333333333335,1.7703366428236276,-2.1083333333333334,-2.107417665741085,-1.5978666666666668,-1.5978808154403634,0.0,1.28418533977805e-05,0.27921349064507833,0.4229,0.05
51,0.9769666666666668,1.6751489003054572,-0.9142999999999999,-0.9141997820816581,1.6621,1.7660762233169631,-2.1245333333333334,-2.1243212177245683,-1.5997666666666668,-1.5997828750975354,0.0,5.4743859868073345e-06,0.2881751613496712,0.42925,0.05
52,0.9388333333333333,1.6756769974516303,-0.9484666666666666,-0.9483695605081028,1.7244000000000002,1.7593125830076561,-2.1439333333333335,-2.14340641857578,-1.6015666666666668,-1.6015850024599565,0.0,1.4940102617073541e-05,0.3011527191287171,0.43948,0.05
53,0.8984,1.6653470893115268,-0.9810666666666666,-0.9810633991010471,1.7840999999999998,1.784185769063024,-2.1658,-2.1653382013103895,-1.6033,-1.6022274438624653,0.0,-5.946389660414492e-06,0.3131052029910739,0.444574,0.05
54,0.8555666666666667,1.6667183869664748,-1.012,-1.0119796393886185,1.841,1.8408443976730846,-2.1895333333333333,-2.191805586555513,-1.6049999999999998,-1.5994494849169976,0.0,-0.009531148946038369,0.331183220218205,0.454739,0.05
55,0.8102666666666667,1.6674313602889461,-1.0412333333333335,-1.0411467730911428,1.8950000000000002,1.8951343808216834,-2.2145666666666664,-2.212299877353925,-1.6067,-1.6003619451524405,0.0,-0.160138937658746,0.35600119994436524,0.464296,0.05
56,0.7624333333333334,1.6649415809581978,-1.0687,-1.0687018203796912,1.9459,1.9457487963145328,-2.240466666666667,-2.241673346055543,-1.6084000000000003,-1.6101053973360642,0.0,1.0824813399002799e-05,0.36844844154670403,0.472172,0.05
57,0.7120666666666667,1.6542284095975157,-1.0942999999999998,-1.0943160106607197,1.9935333333333334,1.99346181452671,-2.266833333333333,-2.267991396901708,-1.6101,-1.6107783854642326,0.0,-8.434311720179397e-06,0.3846363123356444,0.477326,0.05
58,0.6592,1.6301324798126637,-1.1179333333333334,-1.1179474264402525,2.037733333333333,2.0376994050400765,-2.2933333333333334,-2.294408629482477,-1.6118,-1.6123637483329465,0.0,9.102208169285417e-06,0.396381835242601,0.477255,0.05
59,0.6039333333333333,0.6039333953965278,-1.1394,-1.1393998287886178,2.0783,2.0783,-2.3196666666666665,-2.319664744346861,-1.6135,-1.61350002018045,0.0,8.482554642870339e-08,7.891008845755637e-07,0.0,0.05
60,0.5469,0.5475067918404389,-1.1585999999999999,-1.1585211431219005,2.1136666666666666,2.1134751786666666,-2.3423666666666665,-2.342271125483833,-1.6162333333333334,-1.6162221494167621,0.0,9.988657443299828e-08,0.0002646808161337096,0.000289,0.05
61,0.5075666666666666,0.5077891228533125,-1.1637666666666666,-1.163757944224362,2.137,2.1369463089984855,-2.3630999999999998,-2.3630555456629723,-1.6159999999999999,-1.6160003212166922,0.0,6.322674443538638e-09,9.523816717498025e-05,0.000104,0.015
62,0.4870666666666667,0.48772622048313574,-1.1550666666666667,-1.1552889324366291,2.149033333333333,2.148723905510361,-2.382233333333333,-2.381669319223802,-1.6131,-1.6131741741769086,0.0,8.767603217992577e-09,0.00038810922244739534,0.000335,0.015
63,0.48566666666666664,0.48571938023463374,-1.1331333333333333,-1.1340241298051765,2.1523,2.1522084519810654,-2.403333333333333,-2.4026127080133346,-1.6068333333333333,-1.6069956361898399,0.0,-7.355092363500647e-09,0.000474398071836627,0.000383,0.015
64,0.4847333333333333,0.4847585915316519,-1.1102333333333334,-1.1112124888554442,2.1546333333333334,2.154571256370715,-2.424933333333333,-2.424170534498257,-1.6014666666666668,-1.601608204405205,0.0,1.637378057098339e-08,0.0005107399953078783,0.000412,0.015
65,0.4839333333333333,0.4839544744400618,-1.0869,-1.0879067417371784,2.1564333333333336,2.1563856641630905,-2.4468666666666667,-2.4460799950443843,-1.5969333333333333,-1.5970530087529686,0.0,1.3815018072600952e-08,0.0005243126721595536,0.000419,0.015
66,0.48323333333333335,0.4832517923667908,-1.0632,-1.064226962937154,2.1577,2.1576664032642334,-2.4690999999999996,-2.468292747511896,-1.5931,-1.593201185942893,0.0,-2.279059080403002e-09,0.0005351039658253888,0.000423,0.015
67,0.48266666666666663,0.48267263525583565,-1.0391666666666666,-1.0395843780033933,2.158433333333333,2.1584254799694254,-2.4915333333333334,-2.491203194814419,-1.5898666666666665,-1.5899007681731112,0.0,-3.2265774901216295e-08,0.00021784337479992195,0.00017,0.015
68,0.4822,0.48221205355121255,-1.0147666666666666,-1.0157904441761723,2.1585666666666667,2.1585630522872172,-2.514133333333333,-2.5133292743355775,-1.5871666666666666,-1.5872365806716808,0.0,-6.684245894432085e-08,0.0005322401690405742,0.000414,0.015
69,0.4818,0.4818041985531194,-0.9900666666666665,-0.9904976323683502,2.1581333333333332,2.1581377336554213,-2.5368333333333335,-2.5364956281738653,-1.5849333333333335,-1.584956867516474,0.0,-4.1233689396676614e-08,0.00022374355145947898,0.000173,0.015
70,0.4814,0.4814041422497732,-0.9642333333333332,-0.9646801733039422,2.157966666666667,2.1579684183926315,-2.5633666666666666,-2.562943887555533,-1.583,-1.583020021153133,0.0,-1.0021176216709845e-08,0.00025127316131889427,0.000174,0.015
71,0.48103333333333326,0.48103713800091186,-0.9382,-0.9386566260681235,2.1572,2.1572078686043406,-2.5896333333333335,-2.589214281504636,-1.5813666666666668,-1.5813835723752476,0.0,-1.475404592535557e-08,0.00025313830042567156,0.000178,0.015
72,0.4807333333333333,0.48073646091348887,-0.9119,-0.912370157394324,2.1557999999999997,2.155814416574508,-2.6156333333333337,-2.61522132349844,-1.5799666666666667,-1.5799811604330967,0.0,-5.947472666222605e-09,0.00025535196891268046,0.000184,0.015
73,0.4805333333333333,0.4805354379575899,-0.8862666666666668,-0.8867009582978581,2.1529000000000003,2.152929843625723,-2.6376,-2.6372916313327734,-1.5788666666666666,-1.5788780731599412,0.0,3.508914652199219e-09,0.00021784001598671945,0.000172,0.015
74,0.4804333333333333,0.48043439970693874,-0.8691,-0.8693187745389089,2.1507666666666663,2.150788817598727,-2.6522666666666668,-2.6521115368749637,-1.5782,-1.5782069391988822,0.0,3.0652839236200402e-09,0.0001098995788458739,8.5e-05,0.015
75,0.4804333333333333,0.4804334047939748,-0.8676666666666667,-0.8677088457757659,2.1533333333333333,2.1532681937305274,-2.666866666666667,-2.666487588436487,-1.5781333333333334,-1.5781352367439798,0.0,3.117920404210466e-08,0.00015796950061389666,2e-06,0.015
76,0.4805,0.4804983381459317,-0.8821333333333334,-0.8817640139525127,2.1604666666666663,2.1602825678121382,-2.6803000000000003,-2.6799465593477922,-1.5785333333333333,-1.578523174875806,0.0,3.460050713019168e-08,0.00022185409812800136,0.000164,0.015
77,0.48056666666666664,0.4805649937337667,-0.9039333333333334,-0.9030876103318506,2.1706999999999996,2.1704333137359906,-2.698866666666666,-2.6983236462767297,-1.579,-1.5789878718140857,0.0,9.239510553381164e-08,0.0004245370032301273,0.000385,0.015
78,0.4806000000000001,0.4805992059921607,-0.9259666666666667,-0.9250741357299254,2.179933333333333,2.179690132831641,-2.7143333333333337,-2.7139249682810878,-1.5792666666666666,-1.5792596362695606,0.0,1.239600032928759e-07,0.00041282967538228024,0.000399,0.015
79,0.4806000000000001,0.48060011448695156,-0.9481666666666667,-0.9472592851176883,2.1882,2.18798214740049,-2.7269,-2.726569518044363,-1.5793333333333333,-1.5793315874511604,0.0,1.6094360669376272e-07,0.00040414981559157336,0.000403,0.015
80,0.4806000000000001,0.4806001784506053,-0.9705333333333334,-0.9696127910759138,2.1954999999999996,2.195307542973452,-2.7367333333333335,-2.736475029174105,-1.5792666666666666,-1.5792685119403629,0.0,2.0649994601814045e-07,0.0003981545497582598,0.000408,0.015
81,0.48056666666666664,0.48056775051246947,-0.9930333333333333,-0.9921024506381491,2.2019333333333333,2.2017637131001204,-2.7439666666666667,-2.743776985495636,-1.5790999999999997,-1.5791045498759935,0.0,2.621883499739695e-07,0.00039397853308444227,0.00041,0.015
82,0.4805333333333333,0.4805343655086321,-1.0156333333333334,-1.0146938503715623,2.207466666666667,2.2073206710553634,-2.7487666666666666,-2.748640101453884,-1.5788666666666666,-1.578872913904087,0.0,1.7578028296654712e-07,0.00039157839388059113,0.000413,0.015
83,0.48046666666666665,0.48046860502169353,-1.0383333333333333,-1.0373855381372519,2.2121333333333335,2.2120101291790175,-2.7512666666666665,-2.751200456927568,-1.5785999999999998,-1.5786071941497162,0.0,2.2596170170964618e-07,0.00039113814502814164,0.000415,0.015
84,0.4804333333333333,0.48043448243844944,-1.0611,-1.0601453966502155,2.2159333333333335,2.215832899306983,-2.751633333333333,-2.7516234820068926,-1.5782666666666667,-1.5782756369743798,0.0,2.7120229484032927e-07,0.00039190420983430346,0.000417,0.015
85,0.48036666666666666,0.48036869741921795,-1.0839,-1.0829413518798183,2.218933333333333,2.2188539622222585,-2.749966666666667,-2.750010520773528,-1.5779333333333334,-1.577942402828661,0.0,3.2402673344068433e-07,0.0003931317970232925,0.000419,0.015
86,0.4803,0.48030210967997816,-1.1067,-1.1057391538884802,2.221133333333333,2.2210749814328894,-2.746366666666667,-2.746461615061739,-1.5775666666666666,-1.5775766547310244,0.0,3.8504884142843297e-07,0.00039491555056676576,0.000419,0.015
87,0.48023333333333335,0.48023550948538174,-1.1294666666666666,-1.1285055763907317,2.2225333333333332,2.222495999524682,-2.7409666666666666,-2.74110924813531,-1.5772000000000002,-1.5772100837430147,0.0,4.545006366007087e-07,0.0003969728015551656,0.00042,0.015
88,0.4942666666666667,0.49412326384702526,-1.1519333333333333,-1.151535923876141,2.2338999999999998,2.2337832230351324,-2.7327333333333335,-2.732819607937073,-1.5749666666666666,-1.5749899137531622,0.0,2.866166751753203e-07,0.00018262864018762757,0.000166,0.05
89,0.5235,0.5223524028995186,-1.1738333333333333,-1.172922815252992,2.2546,2.2540672899597642,-2.7231666666666663,-2.7234138540326835,-1.5709333333333333,-1.5710372801137478,0.0,1.1188851657102326e-07,0.0006457177926186347,0.000667,0.05
90,0.5689666666666667,0.5677803190204578,-1.1944666666666668,-1.1941352312539346,2.2838666666666665,2.2835304692896363,-2.7135,-2.7136022534348667,-1.5650666666666666,-1.5651285067731056,0.0,7.862496665984287e-07,0.0005235423301407811,0.000591,0.05
91,0.6175999999999999,0.616257166342867,-1.2132666666666667,-1.212990451318708,2.310033333333333,2.309762091659359,-2.7060333333333335,-2.706111084413797,-1.5592,-1.5592608429145887,0.0,1.6162299620451452e-07,0.0005719580858431721,0.000634,0.05
92,0.6693333333333333,0.6687374074602582,-1.2296666666666667,-1.2295767972875644,2.3328333333333333,2.33273889886957,-2.7004,-2.7004237154066417,-1.5532666666666666,-1.553291512946065,0.0,3.563161570458309e-07,0.00024943332593439674,0.000271,0.05
93,0.7240666666666667,0.7234380938687355,-1.2434333333333332,-1.2433677333648723,2.3519666666666668,2.3518879782319164,-2.696333333333333,-2.696350490190639,-1.5472666666666666,-1.5472916534568113,0.0,3.8710774581109477e-07,0.0002602940117160579,0.000278,0.05
94,0.7816666666666666,0.7809920139255635,-1.2544333333333333,-1.254388069095334,2.3672666666666666,2.3672037480744046,-2.693566666666667,-2.6935785552262987,-1.5412333333333332,-1.5412584740577617,0.0,4.189032503316163e-07,0.0002774699656199132,0.000291,0.05
95,0.8216333333333333,0.8213929874391909,-1.2522666666666666,-1.2522701272824341,2.3752,2.3751869098166822,-2.6915999999999998,-2.691602910800058,-1.5386666666666666,-1.5386709604106812,0.0,5.581458451965728e-08,9.829919438617805e-05,0.000102,0.015
96,0.8426666666666667,0.8419710546303276,-1.2377333333333336,-1.2381054944963379,2.377166666666666,2.3771159848913066,-2.690866666666667,-2.6908832851231628,-1.5394666666666665,-1.5394456894518835,0.0,-8.57547414677901e-07,0.00032292043156326085,0.000339,0.015
97,0.8438333333333334,0.8438139445261529,-1.2116333333333333,-1.2120443747520977,2.3744666666666667,2.374493795685287,-2.6918,-2.6917898884385503,-1.5434333333333334,-1.5433922579856683,0.0,-3.53650741541966e-07,0.00016924169618459228,0.000156,0.015
98,0.8445666666666666,0.844558668245894,-1.1850333333333334,-1.1854586289913132,2.3717666666666664,2.371794592467817,-2.6951,-2.6950654207253284,-1.5469666666666668,-1.546929848314174,0.0,-3.1734728221476505e-07,0.0001752482238747888,0.000159,0.015
99,0.8452000000000001,0.8451932130937635,-1.1579333333333335,-1.1583718753209142,2.3689,2.3689296406268703,-2.7005666666666666,-2.7005097979053954,-1.5500666666666667,-1.550034384995733,0.0,-2.4009088473182726e-07,0.00018143865981796333,0.000163,0.015
100,0.8457666666666667,0.8457601341084579,-1.1303999999999998,-1.1308582304098789,2.365866666666667,2.365898031520019,-2.7079999999999997,-2.7079213331937484,-1.5528000000000002,-1.5527711988512398,0.0,-7.271026466108404e-07,0.00019062180626151865,0.000169,0.015
101,0.8462999999999999,0.8462939264181902,-1.1024666666666667,-1.1029513117127812,2.3626,2.362633771842765,-2.7172333333333327,-2.7171362242621986,-1.5552333333333335,-1.555207727699355,0.0,-6.080309323278603e-07,0.00020254400195702732,0.000178,0.015
102,0.8467666666666668,0.8467613816143837,-1.0742,-1.074707758890965,2.3591333333333333,2.35916917782367,-2.728066666666667,-2.7279531829129735,-1.5574000000000001,-1.55737723314117,0.0,-4.978462006274403e-07,0.0002131232001618253,0.000186,0.015
103,0.8471666666666667,0.8471624678179915,-1.0456,-1.0461302856628178,2.3553333333333337,2.355372613328942,-2.7403333333333335,-2.740206431903366,-1.5593333333333332,-1.5593132678238868,0.0,-5.84751504899694e-08,0.0002233345896451148,0.000194,0.015
104,0.8475,0.8474965483670261,-1.0167333333333335,-1.0172821304871742,2.3512333333333335,2.3512757217641984,-2.7538666666666667,-2.753726785897729,-1.5610666666666664,-1.5610487118625163,0.0,9.431343427814783e-10,0.00023197557824642867,0.000201,0.015
105,0.8478333333333333,0.84782988913904,-0.9876333333333335,-0.9881976550935917,2.346766666666667,2.3468128416175156,-2.7685333333333335,-2.7683817143183505,-1.5626333333333333,-1.562617106809472,0.0,1.364832400678136e-09,0.0002393932132998154,0.000207,0.015
106,0.8481333333333333,0.8481302300564808,-0.9583333333333334,-0.9589113142963384,2.3419333333333334,2.341983301650257,-2.7841666666666662,-2.784005028779797,-1.5640666666666665,-1.5640518231737288,0.0,1.1351745361788316e-09,0.00024593887871280485,0.000212,0.015
107,0.8484333333333334,0.848430233235373,-0.9288666666666666,-0.9294561884542601,2.336666666666667,2.3367211111647004,-2.8006333333333333,-2.800463059515802,-1.5653333333333332,-1.565320210669299,0.0,9.713585297302933e-10,0.0002515535493918624,0.000217,0.015
108,0.8485999999999999,0.8485982639929331,-0.9091666666666667,-0.9094234368009728,2.333,2.333038105649473,-2.811866666666667,-2.8117498937423187,-1.5661333333333332,-1.5661250069572534,0.0,5.994168075460962e-10,0.00011625489273839998,8.8e-05,0.015
109,0.8488666666666665,0.848859795558219,-0.9072,-0.9072569208407447,2.3348666666666666,2.3348198573222874,-2.8245333333333336,-2.8242060636206294,-1.5673666666666666,-1.5673348768193445,0.0,-5.2848720472099715e-09,0.00013759503881423328,3e-06,0.015
110,0.8491666666666666,0.8491588107662904,-0.9232333333333335,-0.9228234076612338,2.3421000000000003,2.341913628127398,-2.8373333333333335,-2.8369972769343486,-1.5689,-1.5688599332503437,0.0,4.888584775276684e-10,0.0002299907586698921,0.000164,0.015
111,0.8496,0.849588705555617,-0.9475000000000001,-0.9465458237544675,2.3524666666666665,2.352196503185963,-2.8549666666666664,-2.8544833389438833,-1.5709333333333333,-1.570880265437065,0.0,1.6569504585554617e-08,0.0004509231397585367,0.000382,0.015
112,0.8499333333333333,0.8499298043448895,-0.9722333333333334,-0.9718265663288668,2.3619333333333334,2.3618336261438806,-2.8695,-2.8693462501080296,-1.5725,-1.5724834173162783,0.0,4.9957121363017275e-09,0.0001822669233185424,0.00016,0.015
113,0.8502000000000001,0.850197243971938,-0.9973333333333333,-0.996931621939505,2.370433333333333,2.3703452740741118,-2.8811,-2.880979641432324,-1.5736666666666668,-1.5736545521264405,0.0,2.5154065020873037e-09,0.00017500810441280047,0.000156,0.015
114,0.8503666666666666,0.8503649350797902,-1.0228,-1.0223897604127048,2.378033333333333,2.377954608077282,-2.8899000000000004,-2.889808655528267,-1.5745333333333333,-1.5745243352019314,0.0,7.400638947881352e-10,0.00017460525106793737,0.000158,0.015
115,0.8504999999999999,0.8504986064495486,-1.0486000000000002,-1.0481815198912576,2.384733333333333,2.384663919217884,-2.8960666666666666,-2.896002693020637,-1.5751333333333333,-1.5751270971729037,0.0,7.578254286547928e-12,0.0001751558258156065,0.00016,0.015
116,0.8505666666666668,0.8505659612218743,-1.0746666666666667,-1.074241697418803,2.3905666666666665,2.3905062225557616,-2.8997333333333333,-2.8996952159451332,-1.5755666666666668,-1.575562165460732,0.0,7.760132323200542e-14,0.00017593845797293225,0.000161,0.015
117,0.8506,0.8505996410275761,-1.101,-1.100568419962772,2.3955333333333333,2.3954818557499764,-2.901033333333334,-2.9010197297863543,-1.5758333333333334,-1.575830556555377,0.0,7.946343295114757e-16,0.00017753129581819457,0.000162,0.015
118,0.8506,0.85059998339034,-1.1275666666666666,-1.1271291913903545,2.3996,2.399557830241137,-2.9001,-2.9001095361060534,-1.5760000000000003,-1.5759982648760684,0.0,8.125161532557767e-18,0.0001794699855112827,0.000164,0.015
119,0.8506,0.8505999837354987,-1.1543333333333334,-1.15389071254292,2.402833333333333,2.4027997922291187,-2.897,-2.8970319834564804,-1.5760666666666667,-1.5760659662041079,0.0,7.315339823208803e-20,0.0001816872781176689,0.000165,0.015
120,0.8506,0.8505999796483964,-1.1812333333333334,-1.180784395784961,2.4052000000000002,2.4051754219318253,-2.891866666666667,-2.8919197316303564,-1.5760666666666667,-1.5760666594590511,0.0,8.732533997210626e-22,0.00018482644769765924,0.000167,0.015
121,0.8506,0.85059998482805,-1.2082,-1.2077460435080525,2.4067333333333334,2.4067173808842446,-2.884766666666667,-2.884840037980536,-1.5759999999999998,-1.5760006811069671,0.0,-1.7522156567844922e-09,0.00018784514502287713,0.000169,0.015
122,0.8643666666666667,0.8642256927040178,-1.2138,-1.2137380100212873,2.3854,2.385618291502207,-2.8727666666666667,-2.8728902949806234,-1.5715666666666668,-1.5716120675241587,0.0,-3.962578627579864e-09,0.00012159549980012408,0.000116,0.05
123,0.8907000000000002,0.8904289019553404,-1.1978,-1.1979632089006325,2.3408,2.3415350373253925,-2.8561,-2.8562719427680157,-1.5641333333333334,-1.5642099155694762,0.0,-4.0576805145635694e-11,0.00033561891065842983,0.000312,0.05
124,0.9284666666666667,0.9283791297263742,-1.1601000000000001,-1.1601935743342515,2.2726,2.2730847369587526,-2.8349333333333333,-2.8349683037787217,-1.5547000000000002,-1.554715581044393,0.0,-6.648105010232953e-14,0.00020528617915888185,0.000213,0.05
125,0.9628666666666666,0.9628374684303439,-1.1219666666666666,-1.1220052737870267,2.2024666666666666,2.2026777957082704,-2.812466666666667,-2.8124814191029364,-1.5483,-1.548304204514621,0.0,-4.356958528418693e-17,8.86508425176076e-05,9.3e-05,0.05
126,0.9942000000000001,0.9941759218116027,-1.0833666666666668,-1.0834065274229483,2.1304333333333334,2.130661116629643,-2.7886333333333333,-2.788648968232396,-1.5441,-1.5441027552670632,0.0,-2.4412029927454426e-20,9.513666546156006e-05,0.0001,0.05
127,1.0228,1.0227804081206984,-1.0442,-1.0442360413294813,2.0564,2.0566484338368936,-2.7634333333333334,-2.763449869849031,-1.5414666666666665,-1.5414683942531473,0.0,-9.209828569351686e-22,0.00010301992637791392,0.000111,0.05
128,1.0489333333333333,1.0489159086635482,-1.0043,-1.0043280463316897,1.9802333333333333,1.9805038239687016,-2.7368333333333332,-2.736850808696788,-1.5399333333333332,-1.539934339349801,0.0,-1.7481046530581722e-23,0.00011147630544750034,0.000124,0.05
129,1.0728666666666664,1.0728500463427275,-0.9635666666666666,-0.9635709584525533,1.9017666666666668,1.9020756712396787,-2.7088666666666668,-2.7088852877854923,-1.5391666666666666,-1.5391671697668972,0.0,-1.26665063921948e-20,0.00012657374656192306,0.000152,0.05
130,1.094833333333333,1.0948270146445387,-0.9217666666666666,-0.9217708027633391,1.8207333333333333,1.8208836122169507,-2.6796,-2.6796083462724174,-1.5388666666666666,-1.5388667454406482,0.0,-1.8244846673397576e-21,6.152295297103977e-05,7.3e-05,0.05
131,1.1150333333333333,1.1150273476648809,-0.8786999999999999,-0.8787088340474863,1.7368333333333332,1.7370113415416772,-2.6490666666666667,-2.649075939909492,-1.5388666666666666,-1.5388666666856923,0.0,-1.7481046530583603e-23,7.290037024615239e-05,8.5e-05,0.05
132,1.1336666666666666,1.133660980865589,-0.8341333333333333,-0.8341495318755475,1.6496333333333333,1.6498454175067985,-2.6173333333333333,-2.617343636201785,-1.5389666666666664,-1.538966640450061,0.0,-9.052499150576453e-21,8.696797065952434e-05,9.9e-05,0.05
133,1.1508333333333334,1.1508311905938788,-0.7877666666666666,-0.7877749016595533,1.5586666666666666,1.5587670681803132,-2.5844,-2.5844045187081073,-1.5391000000000001,-1.5390999860155912,0.0,-1.7481046530583227e-23,4.117703506659424e-05,4.6e-05,0.05
134,1.1667333333333334,1.1667312927447466,-0.7392333333333333,-0.7392265322002359,1.4632666666666667,1.4633912574726518,-2.550333333333333,-2.550338430884689,-1.5390999999999997,-1.5390999999981425,0.0,-1.7481046530583227e-23,5.098900760460287e-05,6.7e-05,0.05
135,1.1815333333333333,1.181532557164438,-0.6883666666666667,-0.6883504647502834,1.3619,1.3619743748643016,-2.5095333333333336,-2.5095360470983463,-1.5395666666666665,-1.5395666470933134,0.0,-1.8244846673397573e-21,3.109686446190746e-05,4.9e-05,0.05
136,1.1953333333333334,1.195332551684848,-0.6343000000000001,-0.6341879921982853,1.2531333333333334,1.2532378129457034,-2.463033333333333,-2.4630381645854538,-1.5401999999999998,-1.5401999734366285,0.0,-9.2098285693517e-22,6.256421997033411e-05,0.000135,0.05
137,1.2043666666666668,1.2043666427433233,-0.5929,-0.5929009252338234,1.1744666666666668,1.174493325287143,-2.4180666666666664,-2.418066969142945,-1.5418666666666667,-1.5418666554805376,0.0,2.693024384683178e-21,1.0890594509936859e-05,1.3e-05,0.015
138,1.2088666666666665,1.2088637332368153,-0.565,-0.5650329212397214,1.1293333333333335,1.1294757716410315,-2.381866666666667,-2.3819290905517803,-1.5439333333333334,-1.5439319789149308,0.0,8.86020763874004e-22,6.490975840506824e-05,4.4e-05,0.015
139,1.2091666666666667,1.209163619589151,-0.5520666666666667,-0.5522322667577544,1.1206666666666667,1.1207568718675156,-2.3550666666666666,-2.3554858053023486,-1.5466,-1.5465726794633927,0.0,-2.727986477744344e-21,0.00018796864133488507,0.00014,0.015
140,1.2094,1.2093940048306306,-0.5389333333333334,-0.5393800663662636,1.1127666666666667,1.1129712158857137,-2.3319666666666667,-2.3328032562112733,-1.5490333333333333,-1.5489703405942135,0.0,-6.3419937193626925e-21,0.0003969250305171582,0.00036,0.015
141,1.2096,1.2095947593243837,-0.5254,-0.5258919538411737,1.1050333333333333,1.1052365431073186,-2.3123,-2.3129443586991076,-1.5511999999999997,-1.5511429207195364,0.0,-2.7279864777443445e-21,0.0003420030302359677,0.000376,0.015
142,1.2098,1.2097947738170274,-0.5115000000000001,-0.5120206272197805,1.0974333333333333,1.0976330954889701,-2.295733333333333,-2.29617289551032,-1.5531333333333333,-1.553082378770891,0.0,-2.7279864777443445e-21,0.0002906304092429987,0.000378,0.015
143,1.21,1.2099947750709885,-0.4973000000000001,-0.4978427115837811,1.0899333333333334,1.090130447258356,-2.2819,-2.282264280448238,-1.5548333333333335,-1.5547885088951772,0.0,-2.7279864777443445e-21,0.00027932255479872186,0.000389,0.015
144,1.2101666666666666,1.2101622999403394,-0.4828333333333333,-0.48339530843244993,1.0825,1.0826953394506214,-2.270566666666667,-2.270864807018016,-1.5563666666666667,-1.5563262658273125,0.0,8.860207638740036e-22,0.0002721863571826391,0.000399,0.015
145,1.2103,1.2102965106854964,-0.4681,-0.4686811531351031,1.0751333333333333,1.0753269206847333,-2.261433333333333,-2.2616733463571888,-1.5577333333333334,-1.55769731240537,0.0,4.500028005492352e-21,0.00026898914576911913,0.000409,0.015
146,1.2104,1.2103973506686874,-0.45316666666666666,-0.45376199621597846,1.0677333333333332,1.067927729286086,-2.2543,-2.2544887576667443,-1.5589666666666666,-1.5589341711904927,0.0,-2.18584027381048e-12,0.00026736351359566405,0.000416,0.015
147,1.2105,1.2104973721715826,-0.4379666666666666,-0.4385797024472982,1.0603,1.0604952700072123,-2.2489333333333335,-2.2490755521962686,-1.5600333333333332,-1.5600051947744047,0.0,-2.7502099294201945e-12,0.0002692483775892412,0.000426,0.015
148,1.2106000000000001,1.210597372721348,-0.4225666666666667,-0.42319261131563746,1.0527666666666666,1.0529645190729704,-2.2451666666666665,-2.2452667341362242,-1.5609666666666666,-1.5609420529771165,0.0,-3.3138698156916988e-12,0.0002712865990747854,0.000431,0.015
149,1.2107,1.2106973727346007,-0.4069,-0.4075424423795323,1.0451,1.0453013318770692,-2.2428333333333335,-2.2428956283938875,-1.5617666666666665,-1.5617455565459086,0.0,-3.952715279128371e-12,0.0002761641872856014,0.00044,0.015
150,1.2107666666666665,1.210765957093191,-0.39640000000000003,-0.3965373623312593,1.0399333333333334,1.0399883017375264,-2.241733333333334,-2.2417452352347538,-1.5622666666666667,-1.5622613304937663,0.0,-2.0810976215419027e-12,6.063630513378455e-05,8.9e-05,0.015
151,1.2108666666666668,1.210863559394084,-0.39543333333333336,-0.39546406551126917,1.0382666666666667,1.0382796773932272,-2.2406333333333333,-2.2408373587303743,-1.5628666666666666,-1.5630346519469962,0.0,-8.155025395106664e-05,0.00011373892757381268,4.6e-05,0.015
152,1.2109666666666667,1.2109639091018298,-0.40549999999999997,-0.40516838583337084,1.0418333333333334,1.0417347220417508,-2.2377333333333334,-2.2378562962825175,-1.5638333333333332,-1.5638499860823738,0.0,-2.230609222373047e-05,0.00015032992005004542,0.000214,0.015
153,1.2111333333333334,1.211128996073007,-0.42006666666666664,-0.41943763854555344,1.0464333333333333,1.0463130487421826,-2.2338,-2.233903841178891,-1.5651,-1.5650679996551737,0.0,-5.710300625691329e-07,0.00026519518297048487,0.000447,0.015
154,1.2112666666666667,1.2112631423063378,-0.43593333333333334,-0.43521904877241036,1.0523333333333333,1.052179213908118,-2.2281666666666666,-2.2283135383356254,-1.5664666666666667,-1.5664308607988504,0.0,-1.4614520472365391e-08,0.0003046366687940857,0.000496,0.015
155,1.2114,1.2113964964482289,-0.4504666666666666,-0.4498112268590431,1.0564333333333333,1.0563244277485766,-2.2235,-2.223623226581392,-1.567466666666667,-1.567440150044539,0.0,-3.697762424301261e-10,0.00027609236506846127,0.00047,0.015
156,1.2115,1.211497350314118,-0.46523333333333333,-0.4645675780835685,1.0606,1.060490545230141,-2.2184666666666666,-2.2185986746004835,-1.5683999999999998,-1.5683754278491004,0.0,-4.997760161800504e-12,0.0002808461338111468,0.000476,0.015
157,1.2116,1.2115973721728817,-0.47913333333333336,-0.4785089194991343,1.0636333333333334,1.0635528778456247,-2.2143333333333337,-2.2144425260697727,-1.5690666666666668,-1.5690489709606534,0.0,4.317073352815471e-12,0.00026096258321174805,0.000458,0.015
158,1.2116666666666667,1.211664892732424,-0.49336666666666673,-0.49272616929001567,1.0668666666666669,1.0667818335646408,-2.2097333333333338,-2.2098538886673866,-1.5696666666666665,-1.5696508536643095,0.0,4.651364029914165e-12,0.00026839657572054514,0.000467,0.015
159,1.2117,1.2116990660912887,-0.5075333333333334,-0.5068934212930477,1.0698,1.0697227349392548,-2.2048,-2.2049307739981083,-1.5701999999999998,-1.570185883705873,0.0,-3.519950185129366e-08,0.00026856386288308994,0.000468,0.015
160,1.2117333333333333,1.2117324209994322,-0.5215,-0.520867652715345,1.0722666666666667,1.072201542014445,-2.1996,-2.1997378423440206,-1.5706666666666667,-1.5706543004835147,0.0,-3.627500288758451e-08,0.0002655995032303773,0.000466,0.015
161,1.2117666666666667,1.2117657549341239,-0.5352,-0.534579035476312,1.0742,1.0741488394755698,-2.1941333333333333,-2.194278165187589,-1.5710666666666666,-1.5710560519217533,0.0,-3.6452838896802456e-08,0.0002611845166227693,0.000462,0.015
162,1.2118,1.211799088332722,-0.5486333333333334,-0.5480239203241202,1.0756,1.0755628502905745,-2.1884333333333332,-2.188584300092846,-1.5714,-1.5713911367826217,0.0,-3.652691218495962e-08,0.00025678611991315417,0.000458,0.015
163,1.2118,1.2117999452223274,-0.5618,-0.5612017433975118,1.0764333333333334,1.0764110489674388,-2.1825,-2.182656946659799,-1.5716666666666665,-1.5716595610665614,0.0,-3.2817500613668365e-08,0.0002526823773819882,0.000455,0.015
164,1.2118,1.2118000184342745,-0.5683499999999999,-0.5682766209093142,1.07675,1.0767465291414267,-2.1795,-2.1795316129322213,-1.5718,-1.571798593808012,0.0,1.9210841057737033e-08,3.265448763829168e-05,5.4e-05,0.015
